{
  "posts": [
    {
      "firstname": "Rohit",
      "lastname": "Sharma",
      "birthdate": "2022-01-12",
      "gender": "m",
      "education": "post graduate",
      "company": "Google",
      "jobExperience": 20,
      "salary": 50,
      "profile": "Profile-03.jpg",
      "id": 1
    },
    {
      "firstname": "Rohit",
      "lastname": "Shah",
      "birthdate": "1985-09-23",
      "gender": "m",
      "education": "10th pass",
      "company": "Microsoft",
      "jobExperience": 25,
      "salary": 50,
      "profile": "Profile-04.jpg",
      "id": 4
    },
    {
      "firstname": "Amy",
      "lastname": "Moore",
      "birthdate": "2014-07-18",
      "gender": "f",
      "education": "diploma",
      "company": "TCS",
      "jobExperience": 3,
      "salary": 10,
      "profile": "Profile-05.jpg",
      "id": 5
    },
    {
      "firstname": "Peter ",
      "lastname": "May",
      "birthdate": "2007-07-06",
      "gender": "m",
      "education": "graduate",
      "company": "Tudip",
      "jobExperience": 4.5,
      "salary": 9.5,
      "profile": "Profile-01.jpg",
      "id": 6
    },
    {
      "firstname": "Pankaj",
      "lastname": "Kumar",
      "birthdate": "1978-07-20",
      "gender": "m",
      "education": "PhD",
      "company": "Google",
      "jobExperience": 23,
      "salary": 60,
      "profile": "Profile-06.jpg",
      "id": 7
    },
    {
      "firstname": "Prathamesh",
      "lastname": "Shetty",
      "birthdate": "1999-06-09",
      "gender": "m",
      "education": "graduate",
      "company": "Accenture",
      "jobExperience": 7.4,
      "salary": 13,
      "profile": "Profile-04.jpg",
      "id": 8
    },
    {
      "firstname": "Nikhil",
      "lastname": "Rane",
      "birthdate": "1980-05-23",
      "gender": "m",
      "education": "post graduate",
      "company": "FIS",
      "jobExperience": 6,
      "salary": 4.9,
      "profile": "Profile-03.jpg",
      "id": 9
    },
    {
      "firstname": "Pooja",
      "lastname": "Kumari",
      "birthdate": "1990-08-30",
      "gender": "f",
      "education": "graduate",
      "company": "Google",
      "jobExperience": 12,
      "salary": 35,
      "profile": "Profile-05.jpg",
      "id": 10
    },
    {
      "firstname": "Yash",
      "lastname": "Chauhan",
      "birthdate": "1995-11-24",
      "gender": "m",
      "education": "post graduate",
      "company": "Fiserv",
      "jobExperience": 13,
      "salary": 25,
      "profile": "Profile-03.jpg",
      "id": 11
    }
  ],
  "comments": [],
  "profile": {
    "name": "typicode"
  }
}